date,text,place
Fri Jul 22 20:58:10 +0000 2016,@craigpaul85 wouldn't be if Pokemon frigging go wasn't priority of yours tonight....,NA
Fri Jul 22 20:58:11 +0000 2016,"RT @OMGitsfirefoxx: POKEMON GO ADVENTURES ON THE SANTA MONICA PIER :-)

https://t.co/jbFqC29LUP",NA
Fri Jul 22 20:58:11 +0000 2016,Also think it's fucking HILARIOUS that mine and @WastedElegance's Pokemon Go running girl is identical except I'm blonde and she's brunette.,"North East, England"
Fri Jul 22 20:58:10 +0000 2016,@craigpaul85 wouldn't be if Pokemon frigging go wasn't priority of yours tonight....,NA
Fri Jul 22 20:58:11 +0000 2016,"RT @OMGitsfirefoxx: POKEMON GO ADVENTURES ON THE SANTA MONICA PIER :-)

https://t.co/jbFqC29LUP",NA
Fri Jul 22 20:58:11 +0000 2016,"North East, England","North East, England"
Fri Jul 22 20:58:10 +0000 2016,@craigpaul85 wouldn't be if Pokemon frigging go wasn't priority of yours tonight....,NA
Fri Jul 22 20:58:11 +0000 2016,"RT @OMGitsfirefoxx: POKEMON GO ADVENTURES ON THE SANTA MONICA PIER :-)

https://t.co/jbFqC29LUP",NA
Fri Jul 22 20:58:11 +0000 2016,Also think it's fucking HILARIOUS that mine and @WastedElegance's Pokemon Go running girl is identical except I'm blonde and she's brunette.,"North East, England"
Fri Jul 22 20:58:10 +0000 2016,@craigpaul85 wouldn't be if Pokemon frigging go wasn't priority of yours tonight....,NA
Fri Jul 22 20:58:11 +0000 2016,"RT @OMGitsfirefoxx: POKEMON GO ADVENTURES ON THE SANTA MONICA PIER :-)

https://t.co/jbFqC29LUP",NA
Fri Jul 22 20:58:11 +0000 2016,Also think it's fucking HILARIOUS that mine and @WastedElegance's Pokemon Go running girl is identical except I'm blonde and she's brunette.,"North East, England"
Fri Jul 22 20:58:11 +0000 2016,RT @eurogamer: Running low on Stardust in Pok?mon Go? Here's a few ways to get a quick top up: https://t.co/ZAmABZNXm5 https://t.co/Y8TTnuw?,NA
Fri Jul 22 20:58:11 +0000 2016,"Des news pour pokemon go en France ? 
Any news for pokemon go in France ? #PokemonGO @PoGoServer @PokemonGoApp @PokemonGoNews",NA
Fri Jul 22 20:58:11 +0000 2016,RT @TheCandaceLowry: The only dose of Pokemon Go I need: https://t.co/gKwwMf2mQs,NA
Fri Jul 22 20:58:11 +0000 2016,RT @passionlouie: This is better than Pokemon go https://t.co/y5J4mMAZq5,NA
Fri Jul 22 20:58:11 +0000 2016,RT @ajplus: Children in Syria are seen holding Pokemon in a new campaign that tells the world to go and find them. https://t.co/8oQS596jAk,NA
Fri Jul 22 20:58:11 +0000 2016,"RT @AnEsonGib: I owe so much to this game, my legit Pokemon go weight loss! :) https://t.co/9f9wyPo3Ly",NA
Fri Jul 22 20:58:12 +0000 2016,RT @CatchEmAlI: Desiigner playing Pokemon Go https://t.co/RgxEZxEUHv,NA
Fri Jul 22 20:58:12 +0000 2016,RT @OmgPokemonGo: when pokemon go gets violent https://t.co/jo3JYGKwxV,NA
Fri Jul 22 20:58:12 +0000 2016,"RT @AnEsonGib: I owe so much to this game, my legit Pokemon go weight loss! :) https://t.co/9f9wyPo3Ly",NA
Fri Jul 22 20:58:12 +0000 2016,"@ dad : and Sandshrew is the name of a Pokemon, which is topical because of Nintendo's latest hip application Pokemon Go.","Chicago, IL"
Fri Jul 22 20:58:12 +0000 2016,RT @OMGitsAliA: 5 MINS UNTIL A NEW POKEMON GO EPISODE - Our first day in Iceland! ????????,NA
Fri Jul 22 20:58:12 +0000 2016,TheDebrief : In defence of NOT downloading Pokemon GO: https://t.co/zljsuX7gRN ? https://t.co/TrKbv7RBSe) https://t.co/YZQ045jRVy,NA
Fri Jul 22 20:58:13 +0000 2016,"RT @AnEsonGib: I owe so much to this game, my legit Pokemon go weight loss! :) https://t.co/9f9wyPo3Ly",NA
Fri Jul 22 20:58:13 +0000 2016,WORLD | Pokemon Go player: I caught all Pokemon in the US | Read: https://t.co/qhLwmzgtOt via Yahoo!? News,NA
Fri Jul 22 20:58:13 +0000 2016,"Looking for a date? Try ""Pokemon Go"" https://t.co/BwIpJNoDOS #Pokemon #Tinder #Airbnb #BlogChat",NA
Fri Jul 22 20:58:14 +0000 2016,I liked a @YouTube video https://t.co/VARGYrnnVp THEY GOT ME OUT HERE SWEATIN!! [POKEMON GO],NA
Fri Jul 22 20:58:13 +0000 2016,RT @KuttiJetti: My favorite Pokemon GO story of the week: https://t.co/DuYGCarkl4,NA
Fri Jul 22 20:58:14 +0000 2016,"RT @DareDiary_: If pokemon go is to be my excuse to get up off my fat ass, then let it be so.",NA
Fri Jul 22 20:58:14 +0000 2016,"RT @ajplus: This man explains why he feels Pokemon Go is a ?death sentence? if you're black. Featuring @OmariAkil.
https://t.co/FXbOm6FC30",NA
Fri Jul 22 20:58:15 +0000 2016,POKEMON GO CRINGE by KSI Reaction - https://t.co/0cOutzpQCr https://t.co/YylQJvzKU8,NA
Fri Jul 22 20:58:15 +0000 2016,"RT @AnEsonGib: I owe so much to this game, my legit Pokemon go weight loss! :) https://t.co/9f9wyPo3Ly",NA
Fri Jul 22 20:58:15 +0000 2016,RT @RiceGum: I just want to fit in and play Pokemon Go but I still have a flip phone ??,NA
Fri Jul 22 20:58:16 +0000 2016,i was playing pokemon go and the police started following me so i walked back home and didn't even catch the damn jigglypuff,NA
Fri Jul 22 20:58:16 +0000 2016,"RT @wtylerallen: I hate that folks speak out against pop culture, Kim K feuds and Pokemon Go like you can't enjoy all these things AND be s?",NA
Fri Jul 22 20:58:16 +0000 2016,RT @CatchEmAlI: Desiigner playing Pokemon Go https://t.co/RgxEZxEUHv,NA
Fri Jul 22 20:58:16 +0000 2016,No! Eviee! ?? https://t.co/UwIXZ1gKmG,NA
Fri Jul 22 20:58:16 +0000 2016,"RT @MichelleHux: I love how all these ""good cop"" stories the media keeps feeding us feature cops not doing their job lmfao https://t.co/9ZE?",NA
Fri Jul 22 20:58:17 +0000 2016,Military: Stay out of restricted areas when playing Pokemon Go https://t.co/JrMYAE45aU via @Military1,NA
Fri Jul 22 20:58:17 +0000 2016,RT @verface: according to Pokemon GO my workplace storage is teeming with Clefairy https://t.co/oHROQmCcpN,NA
Fri Jul 22 20:58:17 +0000 2016,Pokemon go was made by ISIS,NA
Fri Jul 22 20:58:17 +0000 2016,RT @BroScienceLife: Some of you need to stop looking for Pokemon and go find some gains instead ? https://t.co/PgQ1U8b7pn https://t.co/GlJh?,NA
Fri Jul 22 20:58:18 +0000 2016,"RT @MichelleHux: I love how all these ""good cop"" stories the media keeps feeding us feature cops not doing their job lmfao https://t.co/9ZE?",NA
Fri Jul 22 20:58:18 +0000 2016,RT @ImperatorOfPuns: cheating at pokemon go https://t.co/lVsFjuGT2N,NA
Fri Jul 22 20:58:18 +0000 2016,RT @pseudonymjones: a quick comic about how bad Pokemon Go is https://t.co/QMbj82EIVv,NA
Fri Jul 22 20:58:18 +0000 2016,"Pokemon Go sets Apple App Store record for launch downloads, but US growth? https://t.co/TMmtYXlB0K #apple #applenews",NA
Fri Jul 22 20:58:18 +0000 2016,RT @CatchEmAlI: Desiigner playing Pokemon Go https://t.co/RgxEZxEUHv,NA
Fri Jul 22 20:58:18 +0000 2016,RT @pseudonymjones: a quick comic about how bad Pokemon Go is https://t.co/QMbj82EIVv,NA
Fri Jul 22 20:58:18 +0000 2016,RT @faria18000: POKEMON GO - YouTube https://t.co/dTjLLBsNoK,NA
Fri Jul 22 20:58:18 +0000 2016,A mood: https://t.co/CPXPWJtbES,NA
Fri Jul 22 20:58:18 +0000 2016,"RT @MichelleHux: I love how all these ""good cop"" stories the media keeps feeding us feature cops not doing their job lmfao https://t.co/9ZE?",NA
Fri Jul 22 20:58:19 +0000 2016,RT @JeremyMcLellan: BREAKING: Hillary Clinton has selected Pokemon Go as her VP,NA
Fri Jul 22 20:58:19 +0000 2016,"RT @arstechnica: Pok?mon Go is ?new level of invasion,? says stony-faced Oliver Stone https://t.co/Sbj91wYLHv by @Brusselsgeek",NA
Fri Jul 22 20:58:19 +0000 2016,RT @verface: according to Pokemon GO my workplace storage is teeming with Clefairy https://t.co/oHROQmCcpN,NA
Fri Jul 22 20:58:20 +0000 2016,RT @OMGitsAliA: 5 MINS UNTIL A NEW POKEMON GO EPISODE - Our first day in Iceland! ????????,NA
Fri Jul 22 20:58:21 +0000 2016,"The Day I Realized My Kids Were Virtual Reality Natives (Thanks Pokemon Go)

https://t.co/uQ48O01Pqk",NA
Fri Jul 22 20:58:21 +0000 2016,"RT @ajplus: This man explains why he feels Pokemon Go is a ?death sentence? if you're black. Featuring @OmariAkil.
https://t.co/FXbOm6FC30",NA
Fri Jul 22 20:58:22 +0000 2016,RT @ImperatorOfPuns: cheating at pokemon go https://t.co/lVsFjuGT2N,NA
Fri Jul 22 20:58:22 +0000 2016,*EASY* *WORKING* How to hack Pokemon go iOS no jailbreak/computer 2016: https://t.co/2ffYVjICEf via @YouTube,NA
Fri Jul 22 20:58:22 +0000 2016,I liked a @YouTube video https://t.co/DF5EULdagN THEY GOT ME OUT HERE SWEATIN!! [POKEMON GO],NA
Fri Jul 22 20:58:22 +0000 2016,What do you think of Pokemon Go?,NA
Fri Jul 22 20:58:22 +0000 2016,RT @noadvantagegame: New Pokemon Go Guide and location! Help us build a pokemon map and collect them all https://t.co/kBf9TL0cDR https://t.?,NA
Fri Jul 22 20:58:23 +0000 2016,RT @AshBenzo: 10 Pokemon Go hacks you need to dominate... https://t.co/sYdsEHZTdU https://t.co/gsXTqpKELL,NA
Fri Jul 22 20:58:23 +0000 2016,"""Pokemon Go"" FIND ALL POKEMON HACK UPDATED 2016: https://t.co/8JBMEnBSee via @YouTube",NA
Fri Jul 22 20:58:24 +0000 2016,"RT @ajplus: This man explains why he feels Pokemon Go is a ?death sentence? if you're black. Featuring @OmariAkil.
https://t.co/FXbOm6FC30",NA
Fri Jul 22 20:58:24 +0000 2016,"#3Novices : Shiv Sena wants Pokemon Go to be regulated July 23, 2016 at 02:15AM https://t.co/b33tmLJnhH #News #Hyderabad #OnlineMedia",NA
Fri Jul 22 20:58:24 +0000 2016,So apparently apparent aren't dead. ???????? https://t.co/V0jqc7Tujh,NA
Fri Jul 22 20:58:24 +0000 2016,RT @wsbtv: Cop praised after stopping to play 'Pokemon Go' with boy https://t.co/0kgEXzgnyJ https://t.co/s38mmi0mCd,NA
Fri Jul 22 20:58:25 +0000 2016,RT @lilythxl: don't go Pokemon hunting with a cat bcoz he chased 3 dogs and rolled around in dirt on my neighbors lawn https://t.co/mAtmf6w?,NA
Fri Jul 22 20:58:25 +0000 2016,RT @CatchEmAlI: Desiigner playing Pokemon Go https://t.co/RgxEZxEUHv,NA
Fri Jul 22 20:58:25 +0000 2016,"RT @ajplus: This man explains why he feels Pokemon Go is a ?death sentence? if you're black. Featuring @OmariAkil.
https://t.co/FXbOm6FC30",NA
Fri Jul 22 20:58:25 +0000 2016,"RT @ajplus: This man explains why he feels Pokemon Go is a ?death sentence? if you're black. Featuring @OmariAkil.
https://t.co/FXbOm6FC30",NA
Fri Jul 22 20:58:26 +0000 2016,RT @CatchEmAlI: Desiigner playing Pokemon Go https://t.co/RgxEZxEUHv,NA
Fri Jul 22 20:58:26 +0000 2016,"RT @ajplus: This man explains why he feels Pokemon Go is a ?death sentence? if you're black. Featuring @OmariAkil.
https://t.co/FXbOm6FC30",NA
Fri Jul 22 20:58:26 +0000 2016,RT @ajplus: Children in Syria are seen holding Pokemon in a new campaign that tells the world to go and find them. https://t.co/8oQS596jAk,NA
Fri Jul 22 20:58:26 +0000 2016,RT @amanda_m_macias: State Dept. spokesman calls out a reporter for playing Pokemon Go during a briefing: https://t.co/aamZTYbw98 https://t?,NA
Fri Jul 22 20:58:27 +0000 2016,RT @aDrive_tK: I'm thinking it would be really epic to do a Pokemon GO Meetup at Central Park and film it for YouTube. Thoughts?,NA
Fri Jul 22 20:58:27 +0000 2016,RT @CatchThemAlI: this boy is making badges that light up so kids can be safer playing pokemon go at night...cutest thing ever ???? https://t?,NA
Fri Jul 22 20:58:28 +0000 2016,I had to download Pokemon go just so for when I go get ice cream with Caily????,NA
Fri Jul 22 20:58:28 +0000 2016,"RT @ajplus: This man explains why he feels Pokemon Go is a ?death sentence? if you're black. Featuring @OmariAkil.
https://t.co/FXbOm6FC30",NA
Fri Jul 22 20:58:28 +0000 2016,You can only find the chicken pokemon in the southeast..... I think pokemon go is sneak dissin????????,NA
Fri Jul 22 20:58:28 +0000 2016,USNewsEducation: Pokemon Go is getting teens outside and parents love it. https://t.co/XJn3T1rUL6,NA
Fri Jul 22 20:58:28 +0000 2016,RT @omginaaa: What if the gov is using snap filters to compile a facial recognition database &amp; using Pokemon go to track people's lives &amp; s?,NA
Fri Jul 22 20:58:29 +0000 2016,RT @SavetheChildren: Syrian children use #PokemonGo in appeal to the world to save them ?? by @willafrej https://t.co/M2s8pXWppr via @TheWo?,NA
Fri Jul 22 20:58:29 +0000 2016,RT @CatchEmAlI: Desiigner playing Pokemon Go https://t.co/RgxEZxEUHv,NA
Fri Jul 22 20:58:29 +0000 2016,"RT @ajplus: This man explains why he feels Pokemon Go is a ?death sentence? if you're black. Featuring @OmariAkil.
https://t.co/FXbOm6FC30",NA
Fri Jul 22 20:58:30 +0000 2016,"RT @ajplus: This man explains why he feels Pokemon Go is a ?death sentence? if you're black. Featuring @OmariAkil.
https://t.co/FXbOm6FC30",NA
Fri Jul 22 20:58:31 +0000 2016,RT @LilMaarty: Pokemon Go (Hood Edition) ?????? https://t.co/Xnf2YGUGW6,NA
Fri Jul 22 20:58:31 +0000 2016,RT @PokemonIife: Desiigner playing Pokemon Go https://t.co/MFE9VuNmOz,NA
Fri Jul 22 20:58:31 +0000 2016,RT @StevStiffler: Worried about Pokemon GO drivers? Wait for Mario Kart GO... https://t.co/rUJA4E4S7k,NA
Fri Jul 22 20:58:31 +0000 2016,RT @CatchEmAlI: Desiigner playing Pokemon Go https://t.co/RgxEZxEUHv,NA
Fri Jul 22 20:58:31 +0000 2016,"RT @ajplus: This man explains why he feels Pokemon Go is a ?death sentence? if you're black. Featuring @OmariAkil.
https://t.co/FXbOm6FC30",NA
Fri Jul 22 20:58:31 +0000 2016,"RT @wtylerallen: I hate that folks speak out against pop culture, Kim K feuds and Pokemon Go like you can't enjoy all these things AND be s?",NA
Fri Jul 22 20:58:32 +0000 2016,"@PokeGo_France youtube comment avoir pokemon go 
5 min",NA
Fri Jul 22 20:58:32 +0000 2016,"Another week, another astounding pair of victories for Niantic and Nintendo's 'Pokemon GO.' https://t.co/7n4bZcj5z1",NA
Fri Jul 22 20:58:33 +0000 2016,Plan for tomorrow water type hunting in Pokemon go at Preston park Eaglescliffe #ponemongo #magikarphunting,NA
Fri Jul 22 20:58:33 +0000 2016,RT @verface: according to Pokemon GO my workplace storage is teeming with Clefairy https://t.co/oHROQmCcpN,NA
Fri Jul 22 20:58:33 +0000 2016,"RT @DougBenson: ""I've bagged about 50 of those motherfuckers."" -Danny McBride, when asked about Pokemon Go at @screenjunkies panel #SDCC2016",NA
Fri Jul 22 20:58:34 +0000 2016,"RT @CalgunsFdn: If you play #PokemonGo, consider getting a #CCW. It's getting scary out there. https://t.co/KoOVkMNea9 #2A https://t.co/Mk6?",NA
Fri Jul 22 20:58:34 +0000 2016,"RT @GavinReacts: ""Are you trying to take a picture""
""No, I'm playing Pokemon go"" https://t.co/O6c82a3RR2",NA
Fri Jul 22 20:58:34 +0000 2016,"RT @PokemonGoPlay: FREE 5,200 POKECOINS - POKEMON GO! #PokemonGo

TO ENTER JUST:
1. FOLLOW
2. RETWEET

+ FREE &gt; https://t.co/3phOoyxgQb htt?",NA
Fri Jul 22 20:58:34 +0000 2016,"RT @ajplus: This man explains why he feels Pokemon Go is a ?death sentence? if you're black. Featuring @OmariAkil.
https://t.co/FXbOm6FC30",NA
Fri Jul 22 20:58:34 +0000 2016,"RT @MichelleHux: I love how all these ""good cop"" stories the media keeps feeding us feature cops not doing their job lmfao https://t.co/9ZE?",NA
Fri Jul 22 20:58:34 +0000 2016,"RT @pcarroll47: @randygdub trump: BLOOD ALONE MOVES THE WHEELS OF HISTORY
Hillary: we are pokemon go-ing to win",NA
Fri Jul 22 20:58:34 +0000 2016,when he says he's busy playing Pokemon Go and you're trying to get his attention https://t.co/e45vTzTbIY,NA
Fri Jul 22 20:58:35 +0000 2016,RT @CatchEmAlI: Desiigner playing Pokemon Go https://t.co/RgxEZxEUHv,NA
Fri Jul 22 20:58:35 +0000 2016,Pokemon go has got me so back into pokemon im watching it again XDDDD,NA
Fri Jul 22 20:58:35 +0000 2016,"RT @ajplus: This man explains why he feels Pokemon Go is a ?death sentence? if you're black. Featuring @OmariAkil.
https://t.co/FXbOm6FC30",NA
Fri Jul 22 20:58:35 +0000 2016,"RT @awkwardlylauren: People that only come to church to play Pokemon Go are called ""Pokemormons""
Thank you! I'll be here all week!",NA
Fri Jul 22 20:58:36 +0000 2016,Pokemon go could be fun if it worked for more than 10 minutes at a time,NA
Fri Jul 22 20:58:36 +0000 2016,RT @SavetheChildren: Syrian children use #PokemonGo in appeal to the world to save them ?? by @willafrej https://t.co/M2s8pXWppr via @TheWo?,NA
Fri Jul 22 20:58:37 +0000 2016,"RT @WrestlingRobbie: I'm already ""Pokemon Go""ing like a savage",NA
Fri Jul 22 20:58:37 +0000 2016,RT @Downey_FR: If Robert Downey Tiger was on Pokemon Go ?? @RobertDowneyJr https://t.co/Lgh3YQ6EXh,NA
Fri Jul 22 20:58:37 +0000 2016,It's official: Pokemon Go had the best opening week of any app ever https://t.co/WcPR2fXFZZ #Fallout,NA
Fri Jul 22 20:58:37 +0000 2016,"@MirandaMiller I literally walked 10km yesterday, because Pokemon go, and 9km today. I need help. 
mood: https://t.co/5S4ROURVih",NA
Fri Jul 22 20:58:38 +0000 2016,RT @TomsTruths: $AAPL doesn't have to innovate or be first all the time but it still prints $ #investing #trading #TomsTruths https://t.co/?,NA
Fri Jul 22 20:58:38 +0000 2016,RT @Savescreen: Pokemon GO fanart. Team Instinct. https://t.co/eXySCQnbet,NA
Fri Jul 22 20:58:38 +0000 2016,"RT @PokemonGoPlay: FREE GIVEAWAY - POKEMON GO PLUS! #PokemonGo

TO ENTER JUST:
1. FOLLOW
2. RETWEET

MUST SEE &gt; https://t.co/nsAGtUlQ3M htt?",NA
Fri Jul 22 20:58:39 +0000 2016,Staycation in Toronto. Science centre + Pokemon GO lure parties + Captains Boil. #blessed? https://t.co/fEbJVTldQw,NA
Fri Jul 22 20:58:39 +0000 2016,"Delightful, do you wanna a relaxing massage?.
 maybe you'll get lucky and we'll meet here   https://t.co/0z1dr4d0As https://t.co/tCDw865gtQ",NA
Fri Jul 22 20:58:39 +0000 2016,@jenimew @AndyK34 @lornalyonssmith @KerryCosplay @AdamBourne36 it was on our Pokemon go stream &gt;.&lt; will do another one soon.,NA
Fri Jul 22 20:58:40 +0000 2016,"RT @jonnysun: 1998: stop playing pokemon and go outside
2016: stop playing pokemon and come inside",NA
Fri Jul 22 20:58:40 +0000 2016,Apple: Pokemon Go Sets Record For Most Downloads In Its First Week https://t.co/B7RDMgwyuV,NA
Fri Jul 22 20:58:40 +0000 2016,2 'Pokemon Go' players robbed at gunpoint at Elk Grove park https://t.co/ML3D9NaDQj,NA
Fri Jul 22 20:58:40 +0000 2016,RT @curlyheadkenny: 47. played Pokemon go.,NA
Fri Jul 22 20:58:40 +0000 2016,"RT @ajplus: This man explains why he feels Pokemon Go is a ?death sentence? if you're black. Featuring @OmariAkil.
https://t.co/FXbOm6FC30",NA
Fri Jul 22 20:58:41 +0000 2016,"RT @ajplus: This man explains why he feels Pokemon Go is a ?death sentence? if you're black. Featuring @OmariAkil.
https://t.co/FXbOm6FC30",NA
Fri Jul 22 20:58:41 +0000 2016,I liked a @YouTube video from @itwe4kz https://t.co/K7VuF4811S POKEMON GO MAP HACK! - REVEAL ALL POKEMON ON THE MAP! No Jailbreak!,NA
Fri Jul 22 20:58:41 +0000 2016,?? madziap: I am playing Pokemon Go since they are out in Germany. I visited few most popular PokeStops... https://t.co/q3KZB9RyPu,NA
Fri Jul 22 20:58:41 +0000 2016,"Hey![Sugary, do you wanna play with me?.
I'm there-   https://t.co/lLvjFKkc45 https://t.co/eg0to9hLGJ",NA
Fri Jul 22 20:58:41 +0000 2016,RT @LitFreestyles: Desiigner playing Pokemon Go ?????? https://t.co/tVYGw8Huhu,NA
Fri Jul 22 20:58:41 +0000 2016,RT @CatchEmAlI: Desiigner playing Pokemon Go https://t.co/RgxEZxEUHv,NA
Fri Jul 22 20:58:42 +0000 2016,When Pokemon go gets real???? https://t.co/omnugYPrbg,NA
Fri Jul 22 20:58:42 +0000 2016,"RT @differentoceans: I translated this cute message left for Pokemon Go players at Miyazaki Shrine in Hiroshima, Japan! https://t.co/mX5cCs?",NA
Fri Jul 22 20:58:42 +0000 2016,Last night a Pokemon Go player got arrested in Tampa for being in a park after hours and pushing a cop ??,NA
Fri Jul 22 20:58:43 +0000 2016,Apple: Pokemon Go Sets Record For Most Downloads In Its First Week https://t.co/HBwkEMyhVe #CyberNews,NA
Fri Jul 22 20:58:43 +0000 2016,RT @dopeislandvines: My attempt to hatch my Pokemon Go eggs until I used the PokeHelper link in my bio! Works wonders!! https://t.co/0UCWEt?,NA
Fri Jul 22 20:58:43 +0000 2016,"RT @differentoceans: I translated this cute message left for Pokemon Go players at Miyazaki Shrine in Hiroshima, Japan! https://t.co/mX5cCs?",NA
Fri Jul 22 20:58:43 +0000 2016,RT @amanda_m_macias: State Dept. spokesman calls out a reporter for playing Pokemon Go during a briefing: https://t.co/aamZTYbw98 https://t?,NA
Fri Jul 22 20:58:43 +0000 2016,"The Wilkes Barre Police seriously had to make a post about pokemon go warning people that the city has a curfew, fuck off",NA
Fri Jul 22 20:58:43 +0000 2016,I liked a @YouTube video from @trendcrave https://t.co/mlxWTOtbKw Top 5 Times When Playing POKEMON GO Went HORRIBLY WRONG,NA
Fri Jul 22 20:58:44 +0000 2016,@ncbjd I feel like it would be all over every news outlet if it was a death due to Pokemon Go.,NA
Fri Jul 22 20:58:44 +0000 2016,"@thinkB1G 9 months later, and I'm back on the Twitter wagon.  Figure it beats Pokemon Go...or not ;-)",NA
Fri Jul 22 20:58:45 +0000 2016,RT @PokemonAppNews: Pokemon GO Servers And Pokemon Trainer Club Servers Are Still Unstable And Still Likely To Crash.  #Pokemon #PokemonGO?,NA
Fri Jul 22 20:58:45 +0000 2016,RT @ShwayAnime: When youve been tracking a pokemon on GO for 20 minutes and it just disappears https://t.co/yMjktB8lha,NA
Fri Jul 22 20:58:45 +0000 2016,RT @ShwayAnime: When youve been tracking a pokemon on GO for 20 minutes and it just disappears https://t.co/yMjktB8lha,NA
Fri Jul 22 20:58:45 +0000 2016,RT @ShwayAnime: When youve been tracking a pokemon on GO for 20 minutes and it just disappears https://t.co/yMjktB8lha,NA
Fri Jul 22 20:58:45 +0000 2016,RT @ShwayAnime: When youve been tracking a pokemon on GO for 20 minutes and it just disappears https://t.co/yMjktB8lha,NA
Fri Jul 22 20:58:45 +0000 2016,RT @ShwayAnime: When youve been tracking a pokemon on GO for 20 minutes and it just disappears https://t.co/yMjktB8lha,NA
Fri Jul 22 20:58:45 +0000 2016,RT @ShwayAnime: When youve been tracking a pokemon on GO for 20 minutes and it just disappears https://t.co/yMjktB8lha,NA
Fri Jul 22 20:58:45 +0000 2016,RT @ShwayAnime: When youve been tracking a pokemon on GO for 20 minutes and it just disappears https://t.co/yMjktB8lha,NA
Fri Jul 22 20:58:45 +0000 2016,RT @ShwayAnime: When youve been tracking a pokemon on GO for 20 minutes and it just disappears https://t.co/yMjktB8lha,NA
Fri Jul 22 20:58:45 +0000 2016,RT @ShwayAnime: When youve been tracking a pokemon on GO for 20 minutes and it just disappears https://t.co/yMjktB8lha,NA
Fri Jul 22 20:58:45 +0000 2016,RT @ShwayAnime: When youve been tracking a pokemon on GO for 20 minutes and it just disappears https://t.co/yMjktB8lha,NA
Fri Jul 22 20:58:45 +0000 2016,RT @ShwayAnime: When youve been tracking a pokemon on GO for 20 minutes and it just disappears https://t.co/yMjktB8lha,NA
Fri Jul 22 20:58:45 +0000 2016,RT @ShwayAnime: When youve been tracking a pokemon on GO for 20 minutes and it just disappears https://t.co/yMjktB8lha,NA
Fri Jul 22 20:58:45 +0000 2016,RT @ShwayAnime: When youve been tracking a pokemon on GO for 20 minutes and it just disappears https://t.co/yMjktB8lha,NA
Fri Jul 22 20:58:45 +0000 2016,RT @ShwayAnime: When youve been tracking a pokemon on GO for 20 minutes and it just disappears https://t.co/yMjktB8lha,NA
Fri Jul 22 20:58:45 +0000 2016,RT @ShwayAnime: When youve been tracking a pokemon on GO for 20 minutes and it just disappears https://t.co/yMjktB8lha,NA
Fri Jul 22 20:58:45 +0000 2016,RT @ShwayAnime: When youve been tracking a pokemon on GO for 20 minutes and it just disappears https://t.co/yMjktB8lha,NA
Fri Jul 22 20:58:45 +0000 2016,RT @ShwayAnime: When youve been tracking a pokemon on GO for 20 minutes and it just disappears https://t.co/yMjktB8lha,NA
Fri Jul 22 20:58:45 +0000 2016,RT @ShwayAnime: When youve been tracking a pokemon on GO for 20 minutes and it just disappears https://t.co/yMjktB8lha,NA
Fri Jul 22 20:58:45 +0000 2016,RT @ShwayAnime: When youve been tracking a pokemon on GO for 20 minutes and it just disappears https://t.co/yMjktB8lha,NA
Fri Jul 22 20:58:45 +0000 2016,RT @ShwayAnime: When youve been tracking a pokemon on GO for 20 minutes and it just disappears https://t.co/yMjktB8lha,NA
Fri Jul 22 20:58:45 +0000 2016,RT @ShwayAnime: When youve been tracking a pokemon on GO for 20 minutes and it just disappears https://t.co/yMjktB8lha,NA
Fri Jul 22 20:58:45 +0000 2016,RT @ShwayAnime: When youve been tracking a pokemon on GO for 20 minutes and it just disappears https://t.co/yMjktB8lha,NA
Fri Jul 22 20:58:45 +0000 2016,RT @ShwayAnime: When youve been tracking a pokemon on GO for 20 minutes and it just disappears https://t.co/yMjktB8lha,NA
Fri Jul 22 20:58:45 +0000 2016,RT @ShwayAnime: When youve been tracking a pokemon on GO for 20 minutes and it just disappears https://t.co/yMjktB8lha,NA
Fri Jul 22 20:58:45 +0000 2016,RT @ShwayAnime: When youve been tracking a pokemon on GO for 20 minutes and it just disappears https://t.co/yMjktB8lha,NA
Fri Jul 22 20:58:45 +0000 2016,RT @ShwayAnime: When youve been tracking a pokemon on GO for 20 minutes and it just disappears https://t.co/yMjktB8lha,NA
Fri Jul 22 20:58:45 +0000 2016,RT @eurogamer: Japan's government has issued safety warnings after Pok?mon Go finally launches there:  https://t.co/unE8RGRMfQ https://t.co?,NA
Fri Jul 22 20:58:45 +0000 2016,"RT @AnEsonGib: I owe so much to this game, my legit Pokemon go weight loss! :) https://t.co/9f9wyPo3Ly",NA
Fri Jul 22 20:58:45 +0000 2016,I HATE POKEMON GO WITH ALL OF MY HEART,"Colorado, USA"
Fri Jul 22 20:58:46 +0000 2016,RT @ZerkaaHD: PULLED OVER BY THE POLICE! (Pokemon Go): https://t.co/JqXTQkCPIj via @YouTube,NA
Fri Jul 22 20:58:47 +0000 2016,"RT @ajplus: This man explains why he feels Pokemon Go is a ?death sentence? if you're black. Featuring @OmariAkil.
https://t.co/FXbOm6FC30",NA
Fri Jul 22 20:58:48 +0000 2016,This is why I don't play it even though I really want to. https://t.co/Moq34Ty2cX,NA
Fri Jul 22 20:58:48 +0000 2016,"RT @TheDeeKosh: NEW VIDEO is up! @FifthHarmony talks boys, Pokemon Go and play a ""kpop"" game *winks* --&gt; https://t.co/A8t9lZKydF https://t.?",NA
Fri Jul 22 20:58:48 +0000 2016,"RT @ajplus: This man explains why he feels Pokemon Go is a ?death sentence? if you're black. Featuring @OmariAkil.
https://t.co/FXbOm6FC30",NA
Fri Jul 22 20:58:48 +0000 2016,"RT @polarbearmc1_z: @NianticLabs I have a PTC account on Pokemon go and i have allready lost 2 insence due to ""Unable to authenticate. Plea?",NA
Fri Jul 22 20:58:48 +0000 2016,All True. https://t.co/4nLm746ihr,NA
Fri Jul 22 20:58:49 +0000 2016,"RT @ItsGirllCode: 1998: stop playing Pokemon and go outside 
2016: Stop playing Pokemon and come inside",NA
Fri Jul 22 20:58:49 +0000 2016,I liked a @YouTube video from @michaelmac0 https://t.co/rYtgasQMuW Pokemon Go - Battle! Gym Leader (Guitar Remix) @PokemonGoNews,NA
Fri Jul 22 20:58:49 +0000 2016,RT @Flight23White: Man whoever created Pokemon go app eating GREAT for rest of life fam.,NA
Fri Jul 22 20:58:49 +0000 2016,"@glyphowarding we could possibly make plans &gt;&gt;
pika is off tues/wed and we're gonna go pokemon hunting soooo",NA
Fri Jul 22 20:58:50 +0000 2016,RT @OMGitsAliA: 5 MINS UNTIL A NEW POKEMON GO EPISODE - Our first day in Iceland! ????????,NA
Fri Jul 22 20:58:50 +0000 2016,No better way to catch pokemon than during a canvassing shift. #pokemon go #canvassing #wadems? https://t.co/tgGBDMtiMd,NA
Fri Jul 22 20:58:50 +0000 2016,"RT @AnEsonGib: I owe so much to this game, my legit Pokemon go weight loss! :) https://t.co/9f9wyPo3Ly",NA
Fri Jul 22 20:58:51 +0000 2016,RT @faria18000: POKEMON GO - YouTube https://t.co/dTjLLBsNoK,NA
Fri Jul 22 20:58:51 +0000 2016,"New @Wikipedia top 25 has @PokemonGoApp at #1: https://t.co/Qhl0Xfs30X

See how it got there: https://t.co/IE0OUWe2Ns #PokemonGO",NA
Fri Jul 22 20:58:51 +0000 2016,"RT @PokeGoShops: Get All of the Newest Pokemon Gear Today!

Shop Now - https://t.co/g97hbfCHlY https://t.co/Le1Hfki2DC",NA
Fri Jul 22 20:58:51 +0000 2016,"RT @ajplus: This man explains why he feels Pokemon Go is a ?death sentence? if you're black. Featuring @OmariAkil.
https://t.co/FXbOm6FC30",NA
Fri Jul 22 20:58:51 +0000 2016,"RT @AnEsonGib: I owe so much to this game, my legit Pokemon go weight loss! :) https://t.co/9f9wyPo3Ly",NA
Fri Jul 22 20:58:51 +0000 2016,"RT @AnEsonGib: I owe so much to this game, my legit Pokemon go weight loss! :) https://t.co/9f9wyPo3Ly",NA
Fri Jul 22 20:58:51 +0000 2016,RT @FourScore64: Damn https://t.co/SwBaZIwbxw,NA
Fri Jul 22 20:58:52 +0000 2016,"RT @GavinReacts: ""Are you trying to take a picture""
""No, I'm playing Pokemon go"" https://t.co/O6c82a3RR2",NA
Fri Jul 22 20:58:52 +0000 2016,"RT @ajplus: This man explains why he feels Pokemon Go is a ?death sentence? if you're black. Featuring @OmariAkil.
https://t.co/FXbOm6FC30",NA
Fri Jul 22 20:58:52 +0000 2016,"I miss your dick do you want a relaxing massage?.
 I learn here    https://t.co/t2EhKwCsnV https://t.co/54orsoNYoy",NA
Fri Jul 22 20:58:53 +0000 2016,RT @MitchellinMan98: Accidentally messaged my dad about Pokemon go. https://t.co/364A5s16Jz,NA
Fri Jul 22 20:58:53 +0000 2016,RT @Mike_Matei: Eggs hatching out of an egg. Pokemon Go makes perfect sense. #wtf https://t.co/B2GExrMbKi,NA
Fri Jul 22 20:58:53 +0000 2016,"RT @PhoenixSalford: Looks like #PokemonGo taken over Pendleton Police Station ???? @GMPSalfordEast
@SalfordOnline 
@RespectYourself @L6HJH ht?",NA
Fri Jul 22 20:58:54 +0000 2016,I liked a @YouTube video from @jakesreaction https://t.co/8SpeDEbqZl MY POKEMON SO FAR ON POKEMON GO!,NA
Fri Jul 22 20:58:54 +0000 2016,RT @alec_lewis: An email students just received from the University of Missouri on how to stay safe playing Pokemon Go... https://t.co/B4iE?,NA
Fri Jul 22 20:58:54 +0000 2016,pokemon go isn?t even officially out here and i read there?s a pokemon go meeting tomorrow in my town omg,NA
Fri Jul 22 20:58:55 +0000 2016,"RT @MichelleHux: I love how all these ""good cop"" stories the media keeps feeding us feature cops not doing their job lmfao https://t.co/9ZE?",NA
Fri Jul 22 20:58:55 +0000 2016,"RT @pokemongogaming: Pokemon Go Gameplay $50 Giveaway! Retweet and Like to ENTER!
(5)$10 Gift Card https://t.co/Yld94WNvwo TRAIN ON! https:?",NA
Fri Jul 22 20:58:56 +0000 2016,"RT @PokemonGoPlay: RT - Are the Pokemon Go Servers working for you right now!? #PokemonGO

Let us know and tell us your region! https://t.c?",NA
Fri Jul 22 20:58:56 +0000 2016,RT @AshBenzo: 10 Pokemon Go hacks you need to dominate... https://t.co/sYdsEHZTdU https://t.co/gsXTqpKELL,NA
Fri Jul 22 20:58:56 +0000 2016,Im so behind in Pokemon Go,NA
Fri Jul 22 20:58:57 +0000 2016,Indonesia mulls fatwa against Pokemon Go - TODAYonline https://t.co/9FiARCxqr7,NA
Fri Jul 22 20:58:57 +0000 2016,"RT @ajplus: This man explains why he feels Pokemon Go is a ?death sentence? if you're black. Featuring @OmariAkil.
https://t.co/FXbOm6FC30",NA
Fri Jul 22 20:58:57 +0000 2016,"RT @kellyoxford: Tell son 'hood has been violent, not to play Pokemon off block. He laughs, returns after police w/ assault rifles tell him?",NA
Fri Jul 22 20:58:58 +0000 2016,RT @kurt_schleicher: Last night a Pokemon Go player got arrested in Tampa for being in a park after hours and pushing a cop ??,NA
Fri Jul 22 20:58:59 +0000 2016,"Okay. I'm fine with people getting into Pokemon because of Pokemon Go, but before Pokemon Go, people call me a nerd for playing Pokemon",NA
Fri Jul 22 20:58:58 +0000 2016,RT @flobrink: People Are Deleting POKEMON GO ASAP After Finding Out This Troubling Fact! https://t.co/gX6JLFmtJy,NA
Fri Jul 22 20:58:59 +0000 2016,I liked a @YouTube video https://t.co/47DtwLDdjf cheating at pokemon go,NA
Fri Jul 22 20:58:59 +0000 2016,"RT @daddybieberrr: justin plays pokemon go , justin has a meme account , justin is  unproblematic .
i love my boo protect him at all costs",NA
Fri Jul 22 20:58:59 +0000 2016,RT @CatchEmAlI: Desiigner playing Pokemon Go https://t.co/RgxEZxEUHv,NA
Fri Jul 22 20:59:00 +0000 2016,RT @CatchEmAlI: Desiigner playing Pokemon Go https://t.co/RgxEZxEUHv,NA
Fri Jul 22 20:58:59 +0000 2016,(CNET):Pokemon Go player: I caught all Pokemon in the #US - #CNET : One New York-based.. https://t.co/qw9S5b1fXo https://t.co/oPoSvORt3u,NA
Fri Jul 22 20:59:00 +0000 2016,Watch out for tsunamis: Japan?s 9 safety tips for Pokemon Go - https://t.co/JRLsLB6Dwm,NA
Fri Jul 22 20:59:00 +0000 2016,Reporter Caught Playing Pok?mon Go During State Department Briefing https://t.co/I8y7v8d7UW,NA
Fri Jul 22 20:59:00 +0000 2016,"RT @pokemongogaming: Pokemon Go Gameplay $50 Giveaway! Retweet and Like to ENTER!
(5)$10 Gift Card https://t.co/Yld94WNvwo TRAIN ON! https:?",NA
Fri Jul 22 20:59:01 +0000 2016,RT @CatchEmAlI: Desiigner playing Pokemon Go https://t.co/RgxEZxEUHv,NA
Fri Jul 22 20:59:01 +0000 2016,RT @flobrink: People Are Deleting POKEMON GO ASAP After Finding Out This Troubling Fact! https://t.co/gX6JLFmtJy,NA
Fri Jul 22 20:59:01 +0000 2016,"I downloaded airshou so I can record Pokemon Go, well, on the go!  Expect videos on the channel.",NA
Fri Jul 22 20:59:01 +0000 2016,RT @OMGitsAliA: 5 MINS UNTIL A NEW POKEMON GO EPISODE - Our first day in Iceland! ????????,NA
Fri Jul 22 20:59:02 +0000 2016,RT @Chiminnnie: Literally had a 30minute convo with my bro on the phone about Pokemon go.. My bro has never once phoned me in the 3 years I?,NA
Fri Jul 22 20:59:02 +0000 2016,@Sanemavcil What do you think the incredible popularity of Pokemon GO means for the future of augmented reality?,NA
Fri Jul 22 20:59:02 +0000 2016,"@SwedishLincoln 
""Pokemon GO's a bad game guys. I only use it for its social aspect.""",NA
Fri Jul 22 20:59:03 +0000 2016,"RT @ajplus: This man explains why he feels Pokemon Go is a ?death sentence? if you're black. Featuring @OmariAkil.
https://t.co/FXbOm6FC30",NA
Fri Jul 22 20:59:03 +0000 2016,I added a video to a @YouTube playlist https://t.co/8SpeDEbqZl MY POKEMON SO FAR ON POKEMON GO!,NA
Fri Jul 22 20:59:03 +0000 2016,RT @noadvantagegame: New Pokemon Go Guide and location! Help us build a pokemon map and collect them all https://t.co/kBf9TL0cDR https://t.?,NA
Fri Jul 22 20:59:03 +0000 2016,RT @CatchEmAlI: Desiigner playing Pokemon Go https://t.co/RgxEZxEUHv,NA
Fri Jul 22 20:59:03 +0000 2016,RT @CatchEmAlI: Desiigner playing Pokemon Go https://t.co/RgxEZxEUHv,NA
Fri Jul 22 20:59:03 +0000 2016,RT @CatchEmAlI: when you walk 5km to find rare Pokemon and the servers go down https://t.co/LTwn1oLqrv,NA
Fri Jul 22 20:59:03 +0000 2016,Pokemon Go Trainer Hats made by my friend &amp; his gf via /r/pokemongo @7897films https://t.co/nsnpIOwsmC,NA
Fri Jul 22 20:59:04 +0000 2016,Watch out for tsunamis: Japan?s 9 safety tips for Pokemon Go - https://t.co/TlTLWpKngP,NA
Fri Jul 22 20:57:52 +0000 2016,RT @CatchEmAlI: Desiigner playing Pokemon Go https://t.co/RgxEZxEUHv,NA
Fri Jul 22 20:58:01 +0000 2016,RT @girlhefunny: When desiigner play Pokemon go ???????? https://t.co/REbizN5JNR,NA
Fri Jul 22 20:59:05 +0000 2016,Pokemon Go with #Pikachu #baseball triblend t-shirt for men https://t.co/7xLKdXElAw #pokemongo #fashion,NA
Fri Jul 22 20:59:06 +0000 2016,Rocking that Pokemon GO tanline via /r/pokemongo @SuperGalaxyStar https://t.co/Al06jHTDjw,NA
Fri Jul 22 20:59:06 +0000 2016,"RT @prozdkp: ""stop playing pokemon go and appreciate the real world!""
the real world is dogshit right now, let me fail to catch a fake rat?",NA
Fri Jul 22 20:59:06 +0000 2016,"RT @NIGNORAMUS: WOW, A COP NOT ABUSING HIS AUTHORITY! HOLY FUCKIN SHIT! GRAB THE KIDS MARTHA! ITS SAFE TO BE BLACK AGAIN!  https://t.co/Wqg?",NA
Fri Jul 22 20:59:07 +0000 2016,RT @PokemonIife: Desiigner playing Pokemon Go https://t.co/MFE9VuNmOz,NA
Fri Jul 22 20:59:08 +0000 2016,Watch out for tsunamis: Japan?s 9 safety tips for Pokemon Go - https://t.co/hlGRDHeuYY,NA
Fri Jul 22 20:59:08 +0000 2016,RT @ShwayAnime: When youve been tracking a pokemon on GO for 20 minutes and it just disappears https://t.co/yMjktB8lha,NA
Fri Jul 22 20:59:08 +0000 2016,"RT @prozdkp: ""stop playing pokemon go and appreciate the real world!""
the real world is dogshit right now, let me fail to catch a fake rat?",NA
Fri Jul 22 20:59:09 +0000 2016,RT @PokemonIife: Desiigner playing Pokemon Go https://t.co/MFE9VuNmOz,NA
Fri Jul 22 20:58:55 +0000 2016,pokemon go &amp; chill?,NA
Fri Jul 22 20:59:09 +0000 2016,"RT @differentoceans: I translated this cute message left for Pokemon Go players at Miyazaki Shrine in Hiroshima, Japan! https://t.co/mX5cCs?",NA
Fri Jul 22 20:59:09 +0000 2016,RT @ShwayAnime: When youve been tracking a pokemon on GO for 20 minutes and it just disappears https://t.co/yMjktB8lha,NA
Fri Jul 22 20:59:10 +0000 2016,"@KrystalHanks you zippy zip low low, you dippy dip ho ho, you marry go go, you never no No, Even then you so so, cry cry go go pokemon grow",NA
Fri Jul 22 20:59:10 +0000 2016,Watch out for tsunamis: Japan?s 9 safety tips for Pokemon Go - https://t.co/bzL7uMaf4n,NA
Fri Jul 22 20:59:10 +0000 2016,"I swear while I was out the other day ""hunting"" in a predominately white neighborhood, I had these same thoughts.  https://t.co/xpur8OI5wB",NA
Fri Jul 22 20:59:11 +0000 2016,Pokemon Go breaks Apple download records https://t.co/4SMGYg3TJf,NA
Fri Jul 22 20:59:12 +0000 2016,I liked a @YouTube video from @michaelmac0 https://t.co/rYtgasQMuW Pokemon Go - Battle! Gym Leader (Guitar Remix) @Junichi_Masuda,NA
Fri Jul 22 20:59:12 +0000 2016,"Actually, this is a legit concern. https://t.co/BS5DVes1Hm",NA
Fri Jul 22 20:59:12 +0000 2016,"I added a video to a @YouTube playlist https://t.co/8JBMEnBSee ""Pokemon Go"" FIND ALL POKEMON HACK UPDATED 2016 No Root No Jailbreak",NA
Fri Jul 22 20:59:12 +0000 2016,RT @ShwayAnime: When youve been tracking a pokemon on GO for 20 minutes and it just disappears https://t.co/yMjktB8lha,NA
Fri Jul 22 20:59:13 +0000 2016,"RT @ajplus: This man explains why he feels Pokemon Go is a ?death sentence? if you're black. Featuring @OmariAkil.
https://t.co/FXbOm6FC30",NA
Fri Jul 22 20:59:13 +0000 2016,"RT @ajplus: This man explains why he feels Pokemon Go is a ?death sentence? if you're black. Featuring @OmariAkil.
https://t.co/FXbOm6FC30",NA
Fri Jul 22 20:59:13 +0000 2016,RT @verface: according to Pokemon GO my workplace storage is teeming with Clefairy https://t.co/oHROQmCcpN,NA
Fri Jul 22 20:59:13 +0000 2016,When @thelonelyisland is playing Pokemon Go a block away from your work office-- but you're home sick today. ??,NA
Fri Jul 22 20:59:13 +0000 2016,RT @JeremyMcLellan: BREAKING: Hillary Clinton has selected Pokemon Go as her VP,NA
Fri Jul 22 20:59:14 +0000 2016,USNewsEducation: Pokemon Go is getting teens outside and parents love it. https://t.co/EQMn1zX0UL,NA
Fri Jul 22 20:59:14 +0000 2016,RT @ajplus: Children in Syria are seen holding Pokemon in a new campaign that tells the world to go and find them. https://t.co/8oQS596jAk,NA
Fri Jul 22 20:59:14 +0000 2016,Pokemon Go Downloads Break Records https://t.co/3Gi9955pmO,NA
Fri Jul 22 20:59:15 +0000 2016,Pokemon Go breaks Apple download records https://t.co/4AqfuO13KC #awesome,NA
Fri Jul 22 20:59:16 +0000 2016,I liked a @YouTube video https://t.co/l2wtb2bNLj THEY GOT ME OUT HERE SWEATIN!! [POKEMON GO],NA
Fri Jul 22 20:59:16 +0000 2016,Pokemon Go breaks Apple download records https://t.co/x5BH9MwATf,NA
Fri Jul 22 20:59:16 +0000 2016,I liked a @YouTube video https://t.co/rtiJp04Soa WILL POKEMON GO AWAY? - Dude Soup Podcast #79,NA
Fri Jul 22 20:59:16 +0000 2016,"As if my cousins making me go Pokemon hunting after I've spent a whole 6 hours trekking around Roseberry Topping, RIP legs",NA
Fri Jul 22 20:59:16 +0000 2016,I liked a @YouTube video from @bottlerocketgm https://t.co/uykoMyTdxz BRG Podcast July 18th 2016 Pokemon GO,NA
Fri Jul 22 20:59:16 +0000 2016,Regis students help explain the Pokemon Go craze in this student-written article: https://t.co/rFc3GwjrWI #PokemonGo,NA
Fri Jul 22 20:59:16 +0000 2016,RT @AshBenzo: 10 Pokemon Go hacks you need to dominate... https://t.co/sYdsEHZTdU https://t.co/gsXTqpKELL,NA
Fri Jul 22 20:59:16 +0000 2016,RT @CatchEmAlI: Desiigner playing Pokemon Go https://t.co/RgxEZxEUHv,NA
Fri Jul 22 20:59:17 +0000 2016,I liked a @YouTube video from @joblessgarrett https://t.co/NTXvnmEEd9 HOW TO GET SNORLAX AND LAPRAS! Pokemon GO Egg Hatching Guide,NA
Fri Jul 22 20:59:17 +0000 2016,RT @pseudonymjones: a quick comic about how bad Pokemon Go is https://t.co/QMbj82EIVv,NA
Fri Jul 22 20:59:18 +0000 2016,RT @PostLikeGirls: When your Pokemon Go vibrates but it's just another Rattata https://t.co/AIxbIO6qKB,NA
Fri Jul 22 20:59:18 +0000 2016,"RT @lindiwemm: #FridayFrivolity - Pokemon Go!  Funny Memes, My Own Real-Life Crazy Stories, and More! https://t.co/O0cIsNgS5s via @REALsara?",NA
Fri Jul 22 20:59:18 +0000 2016,RT @CatchThemAlI: this boy is making badges that light up so kids can be safer playing pokemon go at night...cutest thing ever ???? https://t?,NA
Fri Jul 22 20:59:18 +0000 2016,Pokemon Go XP Per Level Chart: How Much You Need to Level Up: Looking to advance to the next level in Pokemon... https://t.co/L8RQFPbNaN,NA
Fri Jul 22 20:59:19 +0000 2016,"*entra a YouTube*
*le salen 19318282 gameplays de Pokemon go* 
??",NA
Fri Jul 22 20:59:19 +0000 2016,"RT @ajplus: This man explains why he feels Pokemon Go is a ?death sentence? if you're black. Featuring @OmariAkil.
https://t.co/FXbOm6FC30",NA
Fri Jul 22 20:59:19 +0000 2016,RT @flobrink: People Are Deleting POKEMON GO ASAP After Finding Out This Troubling Fact! https://t.co/gX6JLFmtJy,NA
Fri Jul 22 20:59:19 +0000 2016,I legit just threw Pokemon Go into my final paper,NA
Fri Jul 22 20:59:20 +0000 2016,RT @flobrink: People Are Deleting POKEMON GO ASAP After Finding Out This Troubling Fact! https://t.co/gX6JLFmtJy,NA
Fri Jul 22 20:59:20 +0000 2016,"RT @TOADMANE: Pokemon Go ain't even all that, the actual Pokemon games is where it's at",NA
Fri Jul 22 20:59:21 +0000 2016,RT @ShwayAnime: When youve been tracking a pokemon on GO for 20 minutes and it just disappears https://t.co/yMjktB8lha,NA
Fri Jul 22 20:59:21 +0000 2016,"@HayesBrown @UN I wasn't really wondering, but now that you ask, is there a gym in the actual U.N. as opposed to the one in Pokemon Go?.",NA
Fri Jul 22 20:59:21 +0000 2016,RT @Elektriq_3G: IM SO WEAK OMFG?????? https://t.co/FY7gGdWTnw,NA
Fri Jul 22 20:59:21 +0000 2016,"RT @juancpedreira: Pokemon GO has most 1st-week downloads in iTunes App store history, Apple says - CNET",NA
Fri Jul 22 20:59:22 +0000 2016,Watch out for tsunamis: Japan?s 9 safety tips for Pokemon Go - https://t.co/k4cRe9JfNy,NA
Fri Jul 22 20:59:22 +0000 2016,RT @girlhefunny: When desiigner play Pokemon go ???????? https://t.co/REbizN5JNR,NA
Fri Jul 22 20:59:23 +0000 2016,@ZekkieYT i wish i could play pokemon go ;x;,NA
Fri Jul 22 20:59:23 +0000 2016,Went on a Pokemon Go walk. So cooling off before a shower.,NA
Fri Jul 22 20:59:23 +0000 2016,RT @DavidCampbell73: Heart breaking- Syrian children hold Pokemon pictures in the hope people will find them and save them https://t.co/KnU?,NA
Fri Jul 22 20:59:24 +0000 2016,"RT @TheDeeKosh: NEW VIDEO is up! @FifthHarmony talks boys, Pokemon Go and play a ""kpop"" game *winks* --&gt; https://t.co/A8t9lZKydF https://t.?",NA
Fri Jul 22 20:59:24 +0000 2016,"RT @ajplus: This man explains why he feels Pokemon Go is a ?death sentence? if you're black. Featuring @OmariAkil.
https://t.co/FXbOm6FC30",NA
Fri Jul 22 20:59:24 +0000 2016,RT @no_pal_al: really wanna go outside and hatch my pokemon go eggs but its fucking hot outside,NA
Fri Jul 22 20:59:24 +0000 2016,"I liked a @YouTube video from @thesmithplays https://t.co/BeoxG9QaF3 POKEMON GO - 15,000 XP IN FIVE MINUTES",NA
Fri Jul 22 20:59:25 +0000 2016,"Unsurprisingly, 'Pokemon GO' Breaks App Store Record for Most Downloads During First Week of ... https://t.co/KadPxPrnc6 #apple  #ipod",NA
Fri Jul 22 20:59:25 +0000 2016,@__rheaxxchu probably bc im sitting here fueling the gazette x pokemon go fire with team discourse,NA
Fri Jul 22 20:59:25 +0000 2016,RT @flobrink: People Are Deleting POKEMON GO ASAP After Finding Out This Troubling Fact! https://t.co/gX6JLFmtJy,NA
Fri Jul 22 20:59:25 +0000 2016,"RT @differentoceans: I translated this cute message left for Pokemon Go players at Miyazaki Shrine in Hiroshima, Japan! https://t.co/mX5cCs?",NA
Fri Jul 22 20:59:25 +0000 2016,"RT @ajplus: This man explains why he feels Pokemon Go is a ?death sentence? if you're black. Featuring @OmariAkil.
https://t.co/FXbOm6FC30",NA
Fri Jul 22 20:59:26 +0000 2016,"@Estirdalin ..in the game, yeah, there's no reason to not just try it out unless you're too busy playing pokemon go to bother I guess",NA
Fri Jul 22 20:59:26 +0000 2016,2 Men Walked Right Off A Cliff While Playing Pokemon Go In California https://t.co/KOPC7l5gCk,NA
Fri Jul 22 20:59:27 +0000 2016,"Laura Probert, MPT:  11 Reasons to Love Pokemon Go, Even Though it Might Kill You: There's a long journey ahead.
I'm alone on my path...",NA
Fri Jul 22 20:59:27 +0000 2016,ICYMI I posted an article on #MooshWorld about #PokemonGO. Is Pokemon Go a blessing or a curse? https://t.co/i27GVpAVcc,NA
Fri Jul 22 20:59:27 +0000 2016,RT @OMGitsAliA: My first Pokemon GO Iceland vlog is coming out tonight - It's over 20 minutes long! Hope you like it! ????,NA
Fri Jul 22 20:59:27 +0000 2016,"RT @Moneyhighbs: It's Either You Love Pokemon Go 

Or Niggas Is Like Y'all Stupid As Hell Grown Ass Playing Pokemon.",NA
Fri Jul 22 20:59:29 +0000 2016,I hate to say it but my little brother got me hooked on playing Pokemon go ??,NA
Fri Jul 22 20:59:28 +0000 2016,"RT @ajplus: This man explains why he feels Pokemon Go is a ?death sentence? if you're black. Featuring @OmariAkil.
https://t.co/FXbOm6FC30",NA
Fri Jul 22 20:59:29 +0000 2016,guys I've done it I've succumbed to the pressure and downloaded Pokemon Go,NA
Fri Jul 22 20:59:29 +0000 2016,RT @CyberHitchhiker: Apple: Pokemon Go Sets Record For Most Downloads In Its First Week https://t.co/HBwkEMyhVe #CyberNews,NA
Fri Jul 22 20:59:30 +0000 2016,"RT @CatchEmAlI: *in 2026*

Kid: how did you and dad meet?

Mom: I was playing Pokemon Go",NA
Fri Jul 22 20:59:30 +0000 2016,RT @ThirtySecFights: NO HE FUCKING DIDN'T BRING OUT THE POKEMON GO LMFAO ?? https://t.co/XB6FaFDyqZ,NA
Fri Jul 22 20:59:31 +0000 2016,RT @dopeislandvines: My attempt to hatch my Pokemon Go eggs until I used the PokeHelper link in my bio! Works wonders!! https://t.co/0UCWEt?,NA
Fri Jul 22 20:59:31 +0000 2016,RT @Drift0r: Exclusive footage of the Pokemon GO network engineers trying to balance the load of 120M new Japanese players! https://t.co/t6?,NA
Fri Jul 22 20:59:31 +0000 2016,@MfloydMax @NikilisRBX here not even able to get Pokemon go because my phone is out of date ;-;,NA
Fri Jul 22 20:59:32 +0000 2016,RT @VRToronto: Syrian children hold Pokemon pictures in the hope people will find them and save them https://t.co/IicPAIMn4Q,NA
Fri Jul 22 20:59:32 +0000 2016,Pokemon Go fuck yourself.,NA
Fri Jul 22 20:59:32 +0000 2016,"RT @ajplus: This man explains why he feels Pokemon Go is a ?death sentence? if you're black. Featuring @OmariAkil.
https://t.co/FXbOm6FC30",NA
Fri Jul 22 20:59:32 +0000 2016,RT @DaiIyRaps: Desiigner playing Pokemon Go ?????? https://t.co/dRambHXwof,NA
Fri Jul 22 20:59:32 +0000 2016,RT @NinWire: Pok?mon GO has been downloaded more in its first week than any other iTunes app in history: https://t.co/ngl7U7suVy https://t.?,NA
Fri Jul 22 20:59:32 +0000 2016,RT @DaiIyRaps: Desiigner playing Pokemon Go ?????? https://t.co/dRambHXwof,NA
Fri Jul 22 20:59:32 +0000 2016,At work playing Pokemon go gotta catch em all,NA
Fri Jul 22 20:59:33 +0000 2016,Pokemon Go is so overrated,NA
Fri Jul 22 20:59:33 +0000 2016,"RT @FatalInDarkness: RT @RudeComedian: 1998: stop playing Pokemon and go outside 
2016: Stop playing Pokemon and come inside",NA
Fri Jul 22 20:59:33 +0000 2016,RT @CatchEmAlI: Desiigner playing Pokemon Go https://t.co/RgxEZxEUHv,NA
Fri Jul 22 20:59:33 +0000 2016,More like Pokemon go fuck yourself,NA
Fri Jul 22 20:59:33 +0000 2016,"RT @DiscoverMag: While you?re out playing Pokemon Go, why not conduct some Citizen Science at the same time? https://t.co/tMDHphHn46 https:?",NA
Fri Jul 22 20:59:34 +0000 2016,RT @OMGitsAliA: 5 MINS UNTIL A NEW POKEMON GO EPISODE - Our first day in Iceland! ????????,NA
Fri Jul 22 20:59:34 +0000 2016,RT @ShwayAnime: When youve been tracking a pokemon on GO for 20 minutes and it just disappears https://t.co/yMjktB8lha,NA
Fri Jul 22 20:59:34 +0000 2016,RT @IMDb: Pokemon live-action movie a go at #Legendary https://t.co/U8eqfHPaSk https://t.co/xIoSCgM7WD,NA
Fri Jul 22 20:59:34 +0000 2016,"RT @fox32news: OUCH: @Pokemon Go player tased, arrested for refusing to leave park https://t.co/dB5B8x8nll https://t.co/pWCEVAhNCS",NA
Fri Jul 22 20:59:34 +0000 2016,RT @flobrink: People Are Deleting POKEMON GO ASAP After Finding Out This Troubling Fact! https://t.co/gX6JLFmtJy,NA
Fri Jul 22 20:59:34 +0000 2016,This summer we go DP and deal with thousands of immature boys playing fucking Pokemon screaming at each other.,NA
Fri Jul 22 20:59:34 +0000 2016,"RT @ajplus: This man explains why he feels Pokemon Go is a ?death sentence? if you're black. Featuring @OmariAkil.
https://t.co/FXbOm6FC30",NA
Fri Jul 22 20:59:34 +0000 2016,So me and my fianc? started playing Pokemon Go so we have a reason to leave the house. and it works . Go Team Valor!,NA
Fri Jul 22 20:59:34 +0000 2016,Pokemon Go Creates Tourism Frenzy in South Korea as Questions Linger Over Launch https://t.co/molEdDoGmW,NA
Fri Jul 22 20:59:35 +0000 2016,"RT @AnEsonGib: I owe so much to this game, my legit Pokemon go weight loss! :) https://t.co/9f9wyPo3Ly",NA
Fri Jul 22 20:59:35 +0000 2016,"RT @differentoceans: I translated this cute message left for Pokemon Go players at Miyazaki Shrine in Hiroshima, Japan! https://t.co/mX5cCs?",NA
Fri Jul 22 20:59:35 +0000 2016,Very frustrating not being able to log into Pokemon go with my Trainer Club account but others can use a google account and get right in.,NA
Fri Jul 22 20:59:36 +0000 2016,if u hate pokemon go u r really just an unfun human,NA
Fri Jul 22 20:59:36 +0000 2016,RT @DaiIyRaps: Desiigner playing Pokemon Go ?????? https://t.co/dRambHXwof,NA
Fri Jul 22 20:59:36 +0000 2016,"RT @GAVlNREACTS: ""Are you trying to take a picture""
""No, I'm playing Pokemon go"" https://t.co/Ib8IZ6ZO8E",NA
Fri Jul 22 20:59:36 +0000 2016,RT @bvorwerk: friends don't let friends pokemon go and drive,NA
Fri Jul 22 20:59:36 +0000 2016,RT @Downey_FR: If Robert Downey Tiger was on Pokemon Go ?? @RobertDowneyJr https://t.co/Lgh3YQ6EXh,NA
Fri Jul 22 20:59:36 +0000 2016,someone go Pokemon hunting w/ me,NA
Fri Jul 22 20:59:37 +0000 2016,"RT @technews_google: Back home in Japan, Pokemon Go finds success is unreal - USA TODAY https://t.co/NaTlKI5LZB #Technology",NA
Fri Jul 22 20:59:37 +0000 2016,RT @allkpop: Jung Joon Young vows to never go to Sokcho to play 'Pokemon GO' again https://t.co/nH9QF0oHcX https://t.co/zS1eOpnWfS,NA
Fri Jul 22 20:59:37 +0000 2016,Slater: 1 Stone: 0 https://t.co/Z1vCFUeIMi,NA
Fri Jul 22 20:59:37 +0000 2016,"RT @ReclusiveFox: Let's Walk #4 - Pokemon GO - Gym, Pint &amp; Egg Hatch! #Malvern https://t.co/KLcHyKWJrP Featuring me, Booker &amp; @WeAreGamerBo?",NA
Fri Jul 22 20:59:38 +0000 2016,Fucking shattered my phone trying to open up Pokemon go if that isn't dedication idfk what is,NA
Fri Jul 22 20:59:39 +0000 2016,RT @CatchEmAlI: Desiigner playing Pokemon Go https://t.co/RgxEZxEUHv,NA
Fri Jul 22 20:59:39 +0000 2016,@logan2_smith  bad luck your asking for break a leg will bring you good luck and looks like your tablet has pokemon go on it and nice pic.,NA
Fri Jul 22 20:59:39 +0000 2016,RT @The_Digital_Age: Pokemon Go?! Shark Attack?! New Rockumentary is here!! https://t.co/CGQ3ZRtNeJ,NA
Fri Jul 22 20:59:40 +0000 2016,"RT @AnEsonGib: I owe so much to this game, my legit Pokemon go weight loss! :) https://t.co/9f9wyPo3Ly",NA
Fri Jul 22 20:59:40 +0000 2016,RT @AshBenzo: 10 Pokemon Go hacks you need to dominate... https://t.co/sYdsEHZTdU https://t.co/gsXTqpKELL,NA
Fri Jul 22 20:59:41 +0000 2016,RT @ShwayAnime: When youve been tracking a pokemon on GO for 20 minutes and it just disappears https://t.co/yMjktB8lha,NA
Fri Jul 22 20:59:41 +0000 2016,RT @GamepIay: Meanwhile at the Pokemon Go headquarters... https://t.co/h1hou8eVo7,NA
